Betha_0,Betha_1,Bias
-8.352727991584844,-17.971024614206613,37.08770993377149
1.29900606648514,3.761911648303226,1.8719246086319556
7.0537219250998495,14.209112965903484,-38.95963454240354
