Betha_0,Betha_1,Bias
-9.720780429252542,-6.002059079071862,36.30322747734118
1.9851588125130801,-2.21734124118296,4.466473721162303
7.735621616584743,8.219400320229264,-40.76970119873617
