Betha_0,Betha_1,Bias
-9.555043282313921,-5.89159035616414,35.82171965075971
1.902659245832665,-2.2709046171811815,4.702694356458257
7.6523840365806395,8.162494973361303,-40.52441400697568
