Betha_0,Betha_1,Bias
-8.002186102934127,-4.742977198325412,31.183127864041655
1.146434119254736,-2.7951835443518007,6.841471637014324
6.855751983607618,7.538160742657469,-38.02459950109787
