Betha_0,Betha_1,Bias
-8.352727991584844,-17.971024614206613,37.0509530359184
1.29900606648514,3.761911648303226,1.8700693810713689
7.0537219250998495,14.209112965903484,-38.92102241698986
