Betha_0,Betha_1,Bias
-10.787356615294465,-6.754662699192513,39.44162393294031
2.5169322531897533,-1.8448275239959377,2.9108728998334072
8.27042437384831,8.599490227287374,-42.352496830099014
